split,y_true,y_pred
train,3.1,2.4083614
train,0.6,2.6038594
train,36.0,12.600609
train,2.0,2.4086967
train,0.5,1.8052223
train,5.5,4.114686
train,7.0,4.0850024
train,6.0,3.8919835
train,3.0,2.5225472
train,0.5,1.6541954
train,3.0,1.3496044
train,0.2,1.2357514
train,4.4,3.8483257
train,3.5,3.3900208
train,1.5,1.0859497
train,0.1,1.2340269
train,4.0,2.6023164
train,0.2,0.90230834
train,0.5,1.0805271
train,3.2,3.3987176
train,1.45,2.3897293
train,0.8,1.6103883
train,5.5,3.219698
train,1.5,1.6881464
train,4.5,3.6302168
train,0.02,1.2056377
train,1.0,1.1684362
train,0.05,1.2366377
train,1.5,1.0382838
train,0.05,0.4573989
train,58.0,11.245931
train,64.0,11.523482
train,55.0,11.047672
train,5.0,2.6938226
train,1.1,1.8533969
train,1.2,2.2479007
train,0.5,0.9147212
train,2.94,3.8947315
train,0.2,1.300061
train,6.9,4.5218587
train,3.9,2.737585
train,0.02,0.4175901
train,7.0,2.7711098
train,6.5,2.7826166
train,1.5,1.9338499
train,0.05,0.3749207
train,2.0,1.3876668
train,4.0,2.8791332
train,4.5,2.6302943
train,1.0,2.281868
train,2.1,2.7227755
train,0.1,0.4196853
train,7.0,3.4888523
train,1.5,1.2186625
train,0.3,7.687653
train,1.46,2.1547577
train,1.5,1.0807431
train,0.8,1.5497996
train,2.0,0.791007
train,0.2,2.052414
train,52.0,10.32979
train,6.5,4.206327
train,0.5,0.32087463
train,4.4,3.630646
train,2.3,2.5115514
train,4.5,2.4094398
train,0.05,0.24216658
train,0.1,1.2619884
train,4.3,2.7513506
train,5.1,3.2982094
train,4.8,2.6727958
train,1.2,2.749178
train,4.1,2.749683
train,79.0,11.926801
train,3.2,3.5101502
train,7.1,2.6255126
train,2.5,1.1555626
train,6.0,3.4292445
train,6.7,3.95488
train,0.005,2.217569
train,0.5,1.0518742
train,5.5,2.6213233
train,71.0,11.010424
train,2.9,1.8251457
train,2.5,2.0459738
train,0.02,0.32448074
train,0.1,1.1816757
train,5.4,3.4883614
train,0.9,2.6328087
train,0.5,1.0971415
train,2.0,1.5885507
train,3.5,3.3103108
train,2.2,3.5813365
train,2.5,2.2292233
train,2.5,1.7593216
train,78.0,11.361335
train,5.0,3.1353605
train,6.5,4.1217585
train,3.7,2.5540624
train,80.0,11.75243
train,1.0,0.5833807
train,1.3,3.5739558
train,1.5,0.42831236
train,0.1,0.3501153
train,0.1,0.91022587
train,0.3,0.9698448
train,6.0,3.2367592
train,5.5,3.4173346
train,2.39,3.0097418
train,1.0,1.4027326
train,0.2,1.1275995
train,5.5,2.7362905
train,4.5,3.1299145
train,6.6,3.1952307
train,4.7,3.3913522
train,3.0,2.074061
train,74.0,11.154573
train,4.4,2.7394044
train,0.1,0.1500067
train,0.2,1.8319265
train,3.5,1.9088163
train,0.2,0.2827304
train,80.0,9.780661
train,0.1,0.2549404
train,3.6,3.6339567
train,2.0,2.3720026
train,2.7,2.4045892
train,0.02,1.0643655
train,1.2,1.6468979
train,3.4,1.8941808
train,4.1,3.6059027
train,0.8,0.8257002
train,0.2,0.9082421
train,2.0,0.47175983
train,1.5,1.0637839
train,1.25,1.9409916
train,4.0,3.2718244
train,5.6,3.9863641
train,0.5,0.06635463
train,79.0,11.1874275
train,5.6,3.6452959
train,3.5,2.2142694
train,1.5,0.09156524
train,2.5,0.8673365
train,1.7,1.9944987
train,1.0,0.922978
train,0.6,2.6141312
train,0.8,1.4180955
train,2.5,0.8330185
train,3.3,3.926349
train,0.02,2.4988446
train,6.4,3.3438299
train,5.5,3.7604022
train,1.5,1.1242518
train,5.5,3.6981716
train,2.0,7.6864905
train,7.25,2.9185581
train,4.3,2.6268682
train,0.05,1.0209765
train,0.1,0.8991227
train,0.5,0.93989074
train,0.1,1.3145489
train,0.02,2.6549335
train,3.5,3.4837244
train,0.2,1.0008817
train,0.1,0.1485955
train,0.05,0.18511444
train,6.8,2.4484675
train,0.1,0.3991306
train,4.5,3.5385695
train,4.1,1.606551
train,0.05,1.0131
train,2.3,3.0733118
train,4.0,3.3923664
train,0.1,1.404577
train,2.6,3.1674929
train,1.2,1.2969953
train,0.8,2.5067737
train,2.0,0.9717135
train,0.3,1.1610215
train,1.2,2.311872
train,0.5,0.1730942
train,5.6,3.4244494
train,1.5,2.6694784
train,2.0,2.3845136
train,0.5,0.6712084
train,5.7,3.2448244
train,2.5,1.5206769
train,0.05,1.2164377
train,0.05,1.463145
train,3.0,1.7544483
train,1.0,2.2304454
train,1.2,1.5845709
train,1.0,2.0382984
train,1.5,1.6152952
train,1.5,0.71715903
train,0.6,2.0617692
train,0.02,1.6265963
train,2.5,2.0894046
train,0.2,0.29985753
train,0.1,1.1877748
train,5.0,3.5140045
train,1.9,2.4561074
train,1.0,7.895596
train,5.5,3.794733
train,0.5,0.9107745
train,6.6,2.8208935
train,3.6,1.9311645
train,3.4,2.6636016
train,5.0,7.6813474
train,3.5,2.749409
train,0.02,0.5035249
train,18.0,7.6875896
train,2.5,2.929749
train,28.0,7.4876556
train,2.0,0.54576296
train,5.0,3.6287863
train,0.5,7.8961234
train,0.02,0.9346524
train,1.2,1.6153623
train,2.0,1.0035292
train,0.5,0.2952255
train,4.6,2.647934
train,4.9,3.4293783
train,0.8,0.56873006
train,4.5,4.143779
train,0.1,1.10061
train,0.05,1.3240715
train,3.0,2.461324
train,3.8,3.5653489
train,1.5,7.8865457
train,3.5,2.584959
train,5.0,3.087716
train,48.0,10.72868
train,1.6,1.9187689
train,3.0,1.6594119
train,5.2,2.8060546
train,1.0,-0.18473785
train,4.0,1.843266
train,44.0,9.950045
train,0.5,0.81402093
train,4.0,2.6505163
train,5.2,2.711779
train,0.75,2.970286
train,2.0,1.0563226
train,0.05,3.2029476
train,6.0,3.8469477
train,6.0,3.3056586
train,35.0,8.436206
train,0.05,2.0055628
train,0.1,1.0320615
train,2.7,2.56678
train,18.0,11.828789
train,0.1,2.2044053
train,68.0,11.708887
train,1.4,2.0763986
train,2.8,2.3553214
train,16.0,7.4251213
train,0.3,1.9471515
train,4.6,2.7647295
train,0.5,0.3267038
train,1.63,1.9231834
train,3.0,2.497757
train,2.8,3.3858457
train,0.05,1.2474027
train,2.5,2.808416
train,2.0,1.086911
train,1.7,1.7162895
train,1.5,1.0499429
train,4.9,4.2094526
train,5.7,4.1665025
train,6.1,3.3685107
train,3.2,3.1055975
train,3.3,2.5873997
train,1.3,2.4999542
train,3.5,2.2766697
train,5.5,4.3548994
train,1.5,1.3819042
train,6.5,3.6313784
train,10.0,7.659003
train,5.5,3.4899673
train,5.8,2.7608173
train,3.0,1.7712054
train,0.1,0.27368128
train,0.1,1.0194259
train,0.5,2.1596003
train,4.8,2.014826
train,7.0,3.6085851
train,0.05,0.22494088
train,1.5,2.1989143
train,72.0,11.891847
train,0.1,0.16574718
train,1.5,1.9690452
train,4.0,2.8547509
train,0.1,1.2992604
train,0.1,0.8984202
train,3.0,1.9594536
train,1.0,0.69172144
train,3.4,2.0836985
train,1.47,3.369608
train,1.5,1.9661789
train,10.0,7.268584
train,0.05,0.7495421
train,0.2,0.2388416
train,0.8,2.3624687
train,5.0,3.2360077
train,0.2,1.7870783
train,32.0,9.100646
train,63.0,10.683244
train,3.0,2.1310847
train,0.05,1.0098587
train,3.6,2.6742706
train,5.8,2.564338
train,0.1,1.9409101
train,3.2,2.1497586
train,1.4,2.6313546
train,1.5,-0.048417643
train,3.34,2.5002968
train,5.5,3.3335958
train,1.0,0.35884935
train,0.1,1.1463295
train,1.0,1.2207321
train,0.8,3.069379
train,4.8,2.780347
train,2.76,3.0542195
train,0.3,2.231585
train,0.5,0.9117336
train,4.0,2.9649522
train,1.5,0.41953692
train,1.2,2.1853864
train,0.01,1.3556038
train,0.2,2.6459339
train,0.5,-0.05438903
train,3.5,3.601029
train,0.5,0.18311222
train,5.4,2.4151945
train,1.65,2.835376
train,3.5,3.823124
train,3.0,2.599383
train,3.0,7.9429574
train,0.4,2.2365043
train,2.2,3.2118094
train,6.2,4.1860056
train,4.6,3.5620873
train,1.6,2.0782304
train,1.8,1.1506741
train,0.005,1.4024953
train,2.0,1.7443185
train,3.3,2.1321473
train,6.3,2.7956173
train,1.0,1.240712
train,0.01,1.0557535
train,0.5,1.0599349
train,6.5,3.426345
train,0.01,0.29102445
train,34.0,12.411306
train,0.5,1.8591982
train,0.9,2.7982273
train,1.1,2.1263723
train,2.5,0.73956335
train,3.5,2.0939405
train,2.0,2.1755548
train,4.5,3.5443432
train,1.4,3.6950283
train,80.0,10.462603
train,1.0,2.4973905
train,1.4,1.9434912
train,6.0,3.3724334
train,0.8,1.9546279
train,0.1,0.37010196
train,0.02,0.07750819
train,0.05,0.94899315
train,4.8,3.4280343
train,0.2,1.0488652
train,0.5,1.5048568
train,2.5,1.3343368
train,6.0,4.1862035
train,2.5,2.8433278
train,4.5,3.9114788
train,0.3,1.9577233
train,2.1,2.2111466
train,28.0,12.496203
train,2.5,1.0543345
train,7.0,9.732906
train,1.0,1.7298015
train,1.5,1.5755308
train,5.0,7.2695436
train,2.6,1.7990725
train,2.5,3.1313577
train,0.2,0.15569268
train,7.2,1.8806045
train,3.0,2.752758
train,0.5,7.755257
train,1.8,1.7464867
train,1.3,2.8715034
train,3.5,2.0179148
train,0.005,1.4522727
train,1.0,2.3845549
train,0.5,2.6979775
train,3.1,1.8527489
train,5.5,3.9347286
train,1.5,0.15538065
train,0.5,0.3802532
train,0.2,1.0379975
train,5.0,2.6154482
train,3.8,2.7039433
train,5.9,4.0327845
train,0.1,1.9729391
train,3.4,3.0586808
train,0.01,1.3295877
train,1.0,0.94725317
train,3.1,2.1447687
train,5.0,3.6921139
train,0.85,2.24539
train,1.4,2.6298878
train,5.0,3.9632318
train,2.4,2.2655933
train,0.2,1.1199486
train,0.05,0.41249532
train,1.05,1.8010342
val,0.05,2.944553
val,3.9,3.7319033
val,0.005,1.0285271
val,32.0,12.5842495
val,1.0,0.6498164
val,0.2,0.124793455
val,0.6,1.7100737
val,5.4,3.9905298
val,0.05,1.1981012
val,0.8,2.5032036
val,4.5,3.6226768
val,0.01,2.2226872
val,6.8,2.822936
val,0.1,2.0417807
val,1.5,2.067748
val,0.2,1.0873271
val,5.0,3.4516766
val,0.7,7.687125
val,4.6,2.687139
val,0.02,0.8533597
val,1.0,1.3361727
val,58.0,10.4798355
val,3.8,1.895088
val,1.2,1.892479
val,1.5,0.9880246
val,5.2,3.475448
val,0.05,0.42809743
val,0.01,0.9658229
val,0.1,0.2938203
val,75.0,12.013287
val,0.3,2.8072827
val,6.8,3.1334834
val,5.9,3.724577
val,0.1,1.1770663
val,1.0,0.24718626
val,0.05,0.5074328
val,0.05,1.3610128
val,2.5,1.8962505
val,3.3,1.8814054
val,4.5,2.9261441
val,4.2,1.9335955
val,25.0,8.077499
val,0.2,1.897431
val,5.3,2.6955647
val,1.0,0.49189165
val,2.5,2.0679374
val,6.0,2.9232996
val,13.0,11.331373
val,3.6,1.9140573
val,0.02,0.253488
val,23.0,12.230773
val,2.9,2.1192517
val,0.2,0.3545489
val,0.1,1.913881
val,0.1,1.0697595
val,26.0,12.429044
val,1.7,2.788858
val,0.05,2.5841565
val,20.0,12.0117655
val,0.2,2.1455593
val,2.0,1.0412136
val,2.87,2.424353
val,5.3,2.7115939
val,1.9,3.0366302
val,0.05,0.90813303
val,11.0,11.106792
val,1.9,2.1139708
val,2.4,2.3079996
val,0.05,0.49828535
val,0.05,0.24605244
val,0.4,1.896311
val,1.0,0.6547617
val,0.2,0.32075664
val,0.9,1.7341223
val,1.5,3.4559174
val,2.0,2.6582985
val,0.02,0.28787878
val,0.5,1.065116
val,1.7,2.4817107
val,1.2,2.1674032
val,3.5,1.7839103
val,0.5,0.872512
val,4.2,4.020231
val,1.0,2.2926323
val,1.36,3.6274436
val,2.53,3.8340852
val,1.1,2.2168155
val,0.1,1.7858108
val,1.2,2.5787709
val,0.01,0.97125393
test,3.0,2.9337552
test,0.2,0.1675453
test,1.8,1.698786
test,80.0,12.300983
test,5.4,2.5587955
test,3.0,2.4251003
test,0.2,2.641977
test,1.2,2.1037316
test,5.0,8.31512
test,1.0,0.20172183
test,7.0,2.9655046
test,4.1,3.2773757
test,3.5,1.9833636
test,4.8,2.6614304
test,1.1,1.7246721
test,4.7,3.2612355
test,2.0,1.6480914
test,4.1,2.7346356
test,5.0,3.0709925
test,2.3,2.0442421
test,5.3,4.135133
test,2.0,2.9787571
test,3.7,3.1578417
test,30.0,12.577907
test,0.5,1.6751014
test,0.2,2.0780783
test,5.8,3.9027135
test,1.3,1.6318231
test,5.8,3.3644252
test,3.0,1.2500192
test,1.0,-0.1675185
test,0.5,2.7128525
test,6.3,4.1738777
test,67.0,10.82534
test,1.0,7.2701817
test,0.2,1.0660263
test,2.9,3.285248
test,4.8,3.9302495
test,16.0,11.647381
test,1.4,1.7235802
test,3.5,2.512809
test,4.0,3.191545
test,2.3,1.772258
test,4.5,3.366079
test,2.7,2.0930219
test,4.7,2.5443845
test,2.5,2.891025
test,0.2,1.1698107
test,0.4,2.7929556
test,2.0,2.2297375
test,0.02,1.2923421
test,1.26,2.8225806
test,22.0,7.238381
test,1.5,0.4782373
test,3.5,2.3355618
test,6.9,3.534894
test,0.3,1.7563484
test,35.0,10.873428
test,2.0,0.18096177
test,5.2,3.9789755
test,2.5,1.607731
test,1.8,0.86852133
test,6.0,3.4095638
test,4.0,2.2756338
test,4.4,2.7478702
test,3.0,1.610907
test,0.01,0.35895318
test,6.1,4.2078495
test,0.02,1.9324893
test,6.0,3.8697517
test,5.5,2.1318412
test,5.0,4.109702
test,5.0,2.7958393
test,76.0,11.339114
test,1.0,2.3832376
test,1.45,2.2807293
test,2.0,2.0198715
test,9.0,10.684408
test,0.4,2.7812188
test,6.9,2.814305
test,0.02,1.0267395
test,4.3,3.6245868
test,4.0,2.5782347
test,5.7,3.9672616
test,6.0,2.8104205
test,40.0,10.088254
test,1.45,2.5015657
test,0.05,0.25912216
test,78.0,12.076011
test,0.3,2.7968624
